-- MySQL dump 10.13  Distrib 8.0.31, for Linux (x86_64)
--
-- Host: 127.0.0.1    Database: mysql
-- ------------------------------------------------------
-- Server version	8.0.31-google

/*!40101 SET @OLD_CHARACTER_SET_CLIENT=@@CHARACTER_SET_CLIENT */;
/*!40101 SET @OLD_CHARACTER_SET_RESULTS=@@CHARACTER_SET_RESULTS */;
/*!40101 SET @OLD_COLLATION_CONNECTION=@@COLLATION_CONNECTION */;
/*!50503 SET NAMES utf8mb4 */;
/*!40103 SET @OLD_TIME_ZONE=@@TIME_ZONE */;
/*!40103 SET TIME_ZONE='+00:00' */;
/*!40014 SET @OLD_UNIQUE_CHECKS=@@UNIQUE_CHECKS, UNIQUE_CHECKS=0 */;
/*!40014 SET @OLD_FOREIGN_KEY_CHECKS=@@FOREIGN_KEY_CHECKS, FOREIGN_KEY_CHECKS=0 */;
/*!40101 SET @OLD_SQL_MODE=@@SQL_MODE, SQL_MODE='NO_AUTO_VALUE_ON_ZERO' */;
/*!40111 SET @OLD_SQL_NOTES=@@SQL_NOTES, SQL_NOTES=0 */;

--
-- Current Database: `stock`
--

CREATE DATABASE /*!32312 IF NOT EXISTS*/ `stock` /*!40100 DEFAULT CHARACTER SET utf8mb3 */ /*!80016 DEFAULT ENCRYPTION='N' */;

USE `stock`;

--
-- Table structure for table `supreme_items`
--

DROP TABLE IF EXISTS `supreme_items`;
/*!40101 SET @saved_cs_client     = @@character_set_client */;
/*!50503 SET character_set_client = utf8mb4 */;
CREATE TABLE `supreme_items` (
  `item_id` int NOT NULL AUTO_INCREMENT,
  `title` varchar(255) NOT NULL,
  `price` decimal(10,2) NOT NULL,
  PRIMARY KEY (`item_id`)
) ENGINE=InnoDB AUTO_INCREMENT=281 DEFAULT CHARSET=utf8mb3;
/*!40101 SET character_set_client = @saved_cs_client */;

--
-- Dumping data for table `supreme_items`
--

LOCK TABLES `supreme_items` WRITE;
/*!40000 ALTER TABLE `supreme_items` DISABLE KEYS */;
INSERT INTO `supreme_items` VALUES (244,'Supreme/Independent Truck',60.00),(245,'Supreme/Spitfire Shop Wheels (Set of 4)',36.00),(246,'Futura Skateboard',60.00),(247,'Margaret Keane Teardrop Skateboard',78.00),(248,'Margaret Keane Best Friends Skateboard',78.00),(249,'Supreme/Hanes Crew Socks (4 Pack)',24.00),(250,'Supreme/Hanes Boxer Briefs (4 Pack)',40.00),(251,'Supreme/Hanes Boxer Briefs (2 Pack)',32.00),(252,'Supreme/Hanes Tank Tops (3 Pack)',28.00),(253,'Supreme/Hanes Tagless Tank Tops (3 Pack)',28.00),(254,'Supreme/Hanes Tagless Tees (3 Pack)',30.00),(255,'Repeat Leather Belt',148.00),(256,'Supreme/Kuumba Incense (Pack of 15)',18.00),(257,'Supreme/Kuumba Incense Tray',44.00),(258,'Supreme/Post-its (10 Pack)',14.00),(259,'Ripstop Keychain',18.00),(260,'Fuse Sunglasses',188.00),(261,'Cleo Sunglasses',198.00),(262,'Dutch Sunglasses',178.00),(263,'Woven Utility Bag',78.00),(264,'Woven Shoulder Bag',78.00),(265,'Woven Tote',158.00),(266,'Bleached Chino Boonie',68.00),(267,'Mesh Lightweight Balaclava',36.00),(268,'Washed Chino Twill Camp Cap',48.00),(269,'Overdyed Small Box Sweatshort',118.00),(270,'Cargo Water Short',110.00),(271,'Work Pant',128.00),(272,'Tunnel Tee',40.00),(273,'Margaret Keane Teardrop Tee',48.00),(274,'Small Box Tee',60.00),(275,'Stencil Embroidered S/S Top',78.00),(276,'Overprint Stripe S/S Top',88.00),(277,'Plaid Knit S/S Polo',128.00),(278,'Overdyed Small Box Zip Up Hooded Sweatshirt',158.00),(279,'Warm Up Hooded Sweatshirt',158.00),(280,'Printed Hooded Flannel Shirt',138.00);
/*!40000 ALTER TABLE `supreme_items` ENABLE KEYS */;
UNLOCK TABLES;

--
-- Table structure for table `supreme_sizes`
--

DROP TABLE IF EXISTS `supreme_sizes`;
/*!40101 SET @saved_cs_client     = @@character_set_client */;
/*!50503 SET character_set_client = utf8mb4 */;
CREATE TABLE `supreme_sizes` (
  `size_id` int NOT NULL AUTO_INCREMENT,
  `variant_id` int NOT NULL,
  `item_id` int NOT NULL,
  `size` varchar(255) NOT NULL,
  `time_scraped` timestamp NULL DEFAULT CURRENT_TIMESTAMP,
  PRIMARY KEY (`size_id`),
  KEY `idx_variant_id` (`variant_id`),
  KEY `idx_item_id_size` (`item_id`),
  CONSTRAINT `supreme_sizes_ibfk_1` FOREIGN KEY (`variant_id`) REFERENCES `supreme_variants` (`variant_id`) ON DELETE CASCADE,
  CONSTRAINT `supreme_sizes_ibfk_2` FOREIGN KEY (`item_id`) REFERENCES `supreme_items` (`item_id`) ON DELETE CASCADE
) ENGINE=InnoDB AUTO_INCREMENT=1505 DEFAULT CHARSET=utf8mb3;
/*!40101 SET character_set_client = @saved_cs_client */;

--
-- Dumping data for table `supreme_sizes`
--

LOCK TABLES `supreme_sizes` WRITE;
/*!40000 ALTER TABLE `supreme_sizes` DISABLE KEYS */;
INSERT INTO `supreme_sizes` VALUES (1220,462,244,'129','2024-06-06 01:03:55'),(1221,462,244,'139','2024-06-06 01:03:55'),(1222,462,244,'149','2024-06-06 01:03:55'),(1223,471,249,'1','2024-06-06 01:04:44'),(1224,471,249,'2','2024-06-06 01:04:44'),(1225,471,249,'3','2024-06-06 01:04:45'),(1226,471,249,'4','2024-06-06 01:04:45'),(1227,471,249,'5','2024-06-06 01:04:45'),(1228,471,249,'6','2024-06-06 01:04:45'),(1229,471,249,'7','2024-06-06 01:04:45'),(1230,471,249,'8','2024-06-06 01:04:45'),(1231,472,249,'1','2024-06-06 01:04:50'),(1232,472,249,'2','2024-06-06 01:04:50'),(1233,472,249,'3','2024-06-06 01:04:50'),(1234,472,249,'4','2024-06-06 01:04:50'),(1235,472,249,'5','2024-06-06 01:04:50'),(1236,472,249,'6','2024-06-06 01:04:50'),(1237,472,249,'7','2024-06-06 01:04:50'),(1238,472,249,'8','2024-06-06 01:04:50'),(1239,473,249,'1','2024-06-06 01:04:54'),(1240,473,249,'2','2024-06-06 01:04:54'),(1241,473,249,'3','2024-06-06 01:04:54'),(1242,473,249,'4','2024-06-06 01:04:54'),(1243,474,250,'Small','2024-06-06 01:04:59'),(1244,474,250,'Medium','2024-06-06 01:04:59'),(1245,474,250,'Large','2024-06-06 01:04:59'),(1246,474,250,'XLarge','2024-06-06 01:04:59'),(1247,474,250,'XXLarge','2024-06-06 01:04:59'),(1248,474,250,'1','2024-06-06 01:04:59'),(1249,474,250,'2','2024-06-06 01:04:59'),(1250,474,250,'3','2024-06-06 01:04:59'),(1251,474,250,'4','2024-06-06 01:04:59'),(1252,474,250,'5','2024-06-06 01:04:59'),(1253,474,250,'6','2024-06-06 01:04:59'),(1254,474,250,'7','2024-06-06 01:04:59'),(1255,474,250,'8','2024-06-06 01:05:00'),(1256,475,250,'Small','2024-06-06 01:05:05'),(1257,475,250,'Medium','2024-06-06 01:05:05'),(1258,475,250,'Large','2024-06-06 01:05:05'),(1259,475,250,'XLarge','2024-06-06 01:05:05'),(1260,475,250,'XXLarge','2024-06-06 01:05:05'),(1261,475,250,'1','2024-06-06 01:05:05'),(1262,475,250,'2','2024-06-06 01:05:05'),(1263,475,250,'3','2024-06-06 01:05:05'),(1264,475,250,'4','2024-06-06 01:05:05'),(1265,475,250,'5','2024-06-06 01:05:05'),(1266,475,250,'6','2024-06-06 01:05:05'),(1267,475,250,'7','2024-06-06 01:05:05'),(1268,475,250,'8','2024-06-06 01:05:05'),(1269,476,251,'Small','2024-06-06 01:05:10'),(1270,476,251,'Medium','2024-06-06 01:05:10'),(1271,476,251,'1','2024-06-06 01:05:10'),(1272,476,251,'2','2024-06-06 01:05:10'),(1273,476,251,'3','2024-06-06 01:05:10'),(1274,476,251,'4','2024-06-06 01:05:10'),(1275,477,252,'Small','2024-06-06 01:05:15'),(1276,477,252,'Medium','2024-06-06 01:05:15'),(1277,477,252,'Large','2024-06-06 01:05:15'),(1278,477,252,'XLarge','2024-06-06 01:05:15'),(1279,477,252,'1','2024-06-06 01:05:15'),(1280,477,252,'2','2024-06-06 01:05:15'),(1281,477,252,'3','2024-06-06 01:05:16'),(1282,477,252,'4','2024-06-06 01:05:16'),(1283,477,252,'5','2024-06-06 01:05:16'),(1284,477,252,'6','2024-06-06 01:05:16'),(1285,477,252,'7','2024-06-06 01:05:16'),(1286,477,252,'8','2024-06-06 01:05:16'),(1287,478,252,'Small','2024-06-06 01:05:20'),(1288,478,252,'Medium','2024-06-06 01:05:20'),(1289,478,252,'Large','2024-06-06 01:05:20'),(1290,478,252,'1','2024-06-06 01:05:20'),(1291,478,252,'2','2024-06-06 01:05:20'),(1292,478,252,'3','2024-06-06 01:05:20'),(1293,478,252,'4','2024-06-06 01:05:20'),(1294,478,252,'5','2024-06-06 01:05:20'),(1295,478,252,'6','2024-06-06 01:05:20'),(1296,478,252,'7','2024-06-06 01:05:20'),(1297,478,252,'8','2024-06-06 01:05:20'),(1298,479,253,'Medium','2024-06-06 01:05:24'),(1299,479,253,'Large','2024-06-06 01:05:24'),(1300,479,253,'XLarge','2024-06-06 01:05:24'),(1301,479,253,'1','2024-06-06 01:05:24'),(1302,479,253,'2','2024-06-06 01:05:24'),(1303,479,253,'3','2024-06-06 01:05:25'),(1304,479,253,'4','2024-06-06 01:05:25'),(1305,480,254,'Small','2024-06-06 01:05:29'),(1306,480,254,'Medium','2024-06-06 01:05:29'),(1307,480,254,'Large','2024-06-06 01:05:29'),(1308,480,254,'XLarge','2024-06-06 01:05:29'),(1309,480,254,'XXLarge','2024-06-06 01:05:29'),(1310,480,254,'1','2024-06-06 01:05:29'),(1311,480,254,'2','2024-06-06 01:05:29'),(1312,480,254,'3','2024-06-06 01:05:29'),(1313,480,254,'4','2024-06-06 01:05:29'),(1314,480,254,'5','2024-06-06 01:05:29'),(1315,480,254,'6','2024-06-06 01:05:29'),(1316,480,254,'7','2024-06-06 01:05:29'),(1317,480,254,'8','2024-06-06 01:05:29'),(1318,481,254,'Small','2024-06-06 01:05:33'),(1319,481,254,'Medium','2024-06-06 01:05:33'),(1320,481,254,'Large','2024-06-06 01:05:33'),(1321,481,254,'XLarge','2024-06-06 01:05:33'),(1322,481,254,'XXLarge','2024-06-06 01:05:33'),(1323,481,254,'1','2024-06-06 01:05:33'),(1324,481,254,'2','2024-06-06 01:05:33'),(1325,481,254,'3','2024-06-06 01:05:33'),(1326,481,254,'4','2024-06-06 01:05:33'),(1327,481,254,'5','2024-06-06 01:05:33'),(1328,481,254,'6','2024-06-06 01:05:33'),(1329,481,254,'7','2024-06-06 01:05:33'),(1330,481,254,'8','2024-06-06 01:05:34'),(1331,482,255,'Medium','2024-06-06 01:05:41'),(1332,482,255,'Large','2024-06-06 01:05:41'),(1333,483,255,'Medium','2024-06-06 01:05:44'),(1334,483,255,'Large','2024-06-06 01:05:44'),(1335,484,255,'Small','2024-06-06 01:05:48'),(1336,484,255,'Medium','2024-06-06 01:05:48'),(1337,484,255,'Large','2024-06-06 01:05:48'),(1338,484,255,'XLarge','2024-06-06 01:05:48'),(1339,485,256,'1','2024-06-06 01:05:51'),(1340,485,256,'2','2024-06-06 01:05:51'),(1341,485,256,'3','2024-06-06 01:05:51'),(1342,485,256,'4','2024-06-06 01:05:51'),(1343,487,258,'1','2024-06-06 01:05:59'),(1344,487,258,'2','2024-06-06 01:05:59'),(1345,487,258,'3','2024-06-06 01:05:59'),(1346,487,258,'4','2024-06-06 01:05:59'),(1347,508,266,'S/M','2024-06-06 01:07:44'),(1348,508,266,'M/L','2024-06-06 01:07:44'),(1349,509,266,'S/M','2024-06-06 01:07:48'),(1350,509,266,'M/L','2024-06-06 01:07:48'),(1351,510,266,'S/M','2024-06-06 01:07:52'),(1352,510,266,'M/L','2024-06-06 01:07:52'),(1353,518,269,'Small','2024-06-06 01:08:36'),(1354,518,269,'Medium','2024-06-06 01:08:36'),(1355,518,269,'Large','2024-06-06 01:08:36'),(1356,518,269,'XLarge','2024-06-06 01:08:36'),(1357,519,269,'Small','2024-06-06 01:08:39'),(1358,519,269,'Medium','2024-06-06 01:08:40'),(1359,520,269,'Small','2024-06-06 01:08:43'),(1360,520,269,'Medium','2024-06-06 01:08:43'),(1361,520,269,'Large','2024-06-06 01:08:43'),(1362,521,269,'Small','2024-06-06 01:08:47'),(1363,521,269,'Medium','2024-06-06 01:08:47'),(1364,521,269,'Large','2024-06-06 01:08:47'),(1365,521,269,'XLarge','2024-06-06 01:08:47'),(1366,522,269,'Small','2024-06-06 01:08:54'),(1367,522,269,'Medium','2024-06-06 01:08:54'),(1368,522,269,'Large','2024-06-06 01:08:54'),(1369,522,269,'XLarge','2024-06-06 01:08:54'),(1370,523,270,'Small','2024-06-06 01:08:59'),(1371,523,270,'Medium','2024-06-06 01:08:59'),(1372,523,270,'Large','2024-06-06 01:08:59'),(1373,523,270,'XLarge','2024-06-06 01:08:59'),(1374,524,270,'Small','2024-06-06 01:09:02'),(1375,524,270,'Medium','2024-06-06 01:09:02'),(1376,524,270,'Large','2024-06-06 01:09:02'),(1377,524,270,'XLarge','2024-06-06 01:09:02'),(1378,525,270,'Small','2024-06-06 01:09:05'),(1379,525,270,'Medium','2024-06-06 01:09:05'),(1380,525,270,'Large','2024-06-06 01:09:05'),(1381,525,270,'XLarge','2024-06-06 01:09:06'),(1382,526,270,'Small','2024-06-06 01:09:09'),(1383,526,270,'Medium','2024-06-06 01:09:09'),(1384,526,270,'Large','2024-06-06 01:09:09'),(1385,526,270,'XLarge','2024-06-06 01:09:09'),(1386,527,270,'Small','2024-06-06 01:09:13'),(1387,527,270,'Medium','2024-06-06 01:09:13'),(1388,528,270,'Small','2024-06-06 01:09:17'),(1389,528,270,'Medium','2024-06-06 01:09:17'),(1390,528,270,'Large','2024-06-06 01:09:17'),(1391,528,270,'XLarge','2024-06-06 01:09:17'),(1392,529,271,'30','2024-06-06 01:09:21'),(1393,529,271,'32','2024-06-06 01:09:21'),(1394,529,271,'34','2024-06-06 01:09:21'),(1395,529,271,'36','2024-06-06 01:09:21'),(1396,530,271,'30','2024-06-06 01:09:28'),(1397,530,271,'32','2024-06-06 01:09:28'),(1398,530,271,'34','2024-06-06 01:09:28'),(1399,530,271,'36','2024-06-06 01:09:28'),(1400,531,271,'30','2024-06-06 01:09:34'),(1401,531,271,'32','2024-06-06 01:09:34'),(1402,531,271,'34','2024-06-06 01:09:34'),(1403,532,271,'30','2024-06-06 01:09:38'),(1404,532,271,'32','2024-06-06 01:09:38'),(1405,532,271,'34','2024-06-06 01:09:38'),(1406,533,272,'Small','2024-06-06 01:09:42'),(1407,533,272,'Medium','2024-06-06 01:09:42'),(1408,533,272,'Large','2024-06-06 01:09:42'),(1409,533,272,'XLarge','2024-06-06 01:09:42'),(1410,534,272,'Large','2024-06-06 01:09:46'),(1411,534,272,'XLarge','2024-06-06 01:09:46'),(1412,535,272,'Large','2024-06-06 01:09:52'),(1413,535,272,'XLarge','2024-06-06 01:09:52'),(1414,536,272,'Small','2024-06-06 01:10:00'),(1415,536,272,'Large','2024-06-06 01:10:00'),(1416,536,272,'XLarge','2024-06-06 01:10:00'),(1417,537,273,'Small','2024-06-06 01:10:04'),(1418,537,273,'Medium','2024-06-06 01:10:04'),(1419,537,273,'Large','2024-06-06 01:10:04'),(1420,537,273,'XLarge','2024-06-06 01:10:04'),(1421,537,273,'XXLarge','2024-06-06 01:10:04'),(1422,538,273,'Small','2024-06-06 01:10:06'),(1423,538,273,'Medium','2024-06-06 01:10:06'),(1424,538,273,'Large','2024-06-06 01:10:07'),(1425,538,273,'XLarge','2024-06-06 01:10:07'),(1426,539,273,'Medium','2024-06-06 01:10:10'),(1427,539,273,'Large','2024-06-06 01:10:10'),(1428,539,273,'XLarge','2024-06-06 01:10:10'),(1429,540,273,'Large','2024-06-06 01:10:14'),(1430,541,273,'Large','2024-06-06 01:10:18'),(1431,541,273,'XLarge','2024-06-06 01:10:18'),(1432,541,273,'XXLarge','2024-06-06 01:10:18'),(1433,542,274,'Medium','2024-06-06 01:10:31'),(1434,543,274,'Small','2024-06-06 01:10:45'),(1435,543,274,'Medium','2024-06-06 01:10:45'),(1436,543,274,'Large','2024-06-06 01:10:45'),(1437,543,274,'XLarge','2024-06-06 01:10:45'),(1438,544,274,'Small','2024-06-06 01:10:52'),(1439,544,274,'Medium','2024-06-06 01:10:52'),(1440,544,274,'Large','2024-06-06 01:10:52'),(1441,544,274,'XLarge','2024-06-06 01:10:52'),(1442,545,275,'Small','2024-06-06 01:11:10'),(1443,545,275,'Medium','2024-06-06 01:11:10'),(1444,545,275,'Large','2024-06-06 01:11:11'),(1445,545,275,'XLarge','2024-06-06 01:11:11'),(1446,546,276,'Small','2024-06-06 01:11:14'),(1447,546,276,'Medium','2024-06-06 01:11:14'),(1448,546,276,'Large','2024-06-06 01:11:14'),(1449,546,276,'XLarge','2024-06-06 01:11:14'),(1450,547,276,'Small','2024-06-06 01:11:18'),(1451,547,276,'Medium','2024-06-06 01:11:18'),(1452,547,276,'Large','2024-06-06 01:11:18'),(1453,548,276,'Small','2024-06-06 01:11:21'),(1454,548,276,'Medium','2024-06-06 01:11:21'),(1455,548,276,'Large','2024-06-06 01:11:21'),(1456,548,276,'XLarge','2024-06-06 01:11:21'),(1457,549,276,'Small','2024-06-06 01:11:25'),(1458,549,276,'Medium','2024-06-06 01:11:25'),(1459,549,276,'Large','2024-06-06 01:11:26'),(1460,550,277,'Small','2024-06-06 01:11:32'),(1461,550,277,'Medium','2024-06-06 01:11:32'),(1462,550,277,'Large','2024-06-06 01:11:33'),(1463,550,277,'XLarge','2024-06-06 01:11:33'),(1464,551,277,'Small','2024-06-06 01:11:35'),(1465,551,277,'Medium','2024-06-06 01:11:35'),(1466,551,277,'Large','2024-06-06 01:11:35'),(1467,551,277,'XLarge','2024-06-06 01:11:36'),(1468,552,278,'Small','2024-06-06 01:11:40'),(1469,552,278,'Medium','2024-06-06 01:11:40'),(1470,552,278,'Large','2024-06-06 01:11:40'),(1471,552,278,'XLarge','2024-06-06 01:11:40'),(1472,553,278,'Small','2024-06-06 01:11:44'),(1473,553,278,'Medium','2024-06-06 01:11:44'),(1474,553,278,'Large','2024-06-06 01:11:44'),(1475,553,278,'XLarge','2024-06-06 01:11:44'),(1476,554,278,'Small','2024-06-06 01:11:48'),(1477,554,278,'Medium','2024-06-06 01:11:48'),(1478,554,278,'Large','2024-06-06 01:11:48'),(1479,554,278,'XLarge','2024-06-06 01:11:48'),(1480,555,278,'Small','2024-06-06 01:11:52'),(1481,555,278,'Medium','2024-06-06 01:11:52'),(1482,555,278,'Large','2024-06-06 01:11:52'),(1483,555,278,'XLarge','2024-06-06 01:11:52'),(1484,556,278,'Small','2024-06-06 01:11:55'),(1485,556,278,'Large','2024-06-06 01:11:55'),(1486,556,278,'XLarge','2024-06-06 01:11:55'),(1487,556,278,'XXLarge','2024-06-06 01:11:55'),(1488,557,279,'Small','2024-06-06 01:12:02'),(1489,557,279,'Medium','2024-06-06 01:12:03'),(1490,557,279,'Large','2024-06-06 01:12:03'),(1491,557,279,'XLarge','2024-06-06 01:12:03'),(1492,558,279,'Small','2024-06-06 01:12:07'),(1493,559,279,'Small','2024-06-06 01:12:10'),(1494,559,279,'Medium','2024-06-06 01:12:10'),(1495,559,279,'Large','2024-06-06 01:12:10'),(1496,560,279,'Medium','2024-06-06 01:12:17'),(1497,561,279,'Small','2024-06-06 01:12:20'),(1498,561,279,'Medium','2024-06-06 01:12:20'),(1499,561,279,'Large','2024-06-06 01:12:20'),(1500,561,279,'XLarge','2024-06-06 01:12:20'),(1501,562,280,'Small','2024-06-06 01:12:24'),(1502,562,280,'Medium','2024-06-06 01:12:24'),(1503,562,280,'Large','2024-06-06 01:12:24'),(1504,563,280,'Medium','2024-06-06 01:12:28');
/*!40000 ALTER TABLE `supreme_sizes` ENABLE KEYS */;
UNLOCK TABLES;

--
-- Table structure for table `supreme_variants`
--

DROP TABLE IF EXISTS `supreme_variants`;
/*!40101 SET @saved_cs_client     = @@character_set_client */;
/*!50503 SET character_set_client = utf8mb4 */;
CREATE TABLE `supreme_variants` (
  `variant_id` int NOT NULL AUTO_INCREMENT,
  `item_id` int NOT NULL,
  `variant` varchar(255) NOT NULL,
  `img_link` varchar(255) NOT NULL,
  `url` varchar(255) DEFAULT NULL,
  PRIMARY KEY (`variant_id`),
  KEY `idx_item_id` (`item_id`),
  CONSTRAINT `supreme_variants_ibfk_1` FOREIGN KEY (`item_id`) REFERENCES `supreme_items` (`item_id`) ON DELETE CASCADE
) ENGINE=InnoDB AUTO_INCREMENT=564 DEFAULT CHARSET=utf8mb3;
/*!40101 SET character_set_client = @saved_cs_client */;

--
-- Dumping data for table `supreme_variants`
--

LOCK TABLES `supreme_variants` WRITE;
/*!40000 ALTER TABLE `supreme_variants` DISABLE KEYS */;
INSERT INTO `supreme_variants` VALUES (462,244,'Silver','//us.supreme.com/cdn/shop/files/A90_SS23_IndipendantTruck_silver03B_f9cbf048-eb44-42da-9df5-485ea2b75742_720x.jpg?v=1694635880','/products/y6ztwlp4zr-jhlnp'),(463,245,'White - 52mm','//us.supreme.com/cdn/shop/products/IB9-_dOEUX4_720x.jpg?v=1671834324','/products/c-n-ytlm1iwiybe'),(464,245,'Black - 53mm','//us.supreme.com/cdn/shop/products/A92_SS23_SpitfireShopWheel_Black_Group_720x.jpg?v=1676334989','/products/jjsbwlt-i0flfz8c'),(465,245,'Swirl - 54mm','//us.supreme.com/cdn/shop/products/rfzWqznnu2k_720x.jpg?v=1671834322','/products/1zny9ysslfq2viko'),(466,246,'Silver - 8.125\" x 32\"','//us.supreme.com/cdn/shop/files/SB6_SS24_FuturaSkateboard_Silver_Comp_720x.jpg?v=1707753534','/products/su_oaabaoe41i_sb'),(467,246,'Black - 8.5\" x 32.25\"','//us.supreme.com/cdn/shop/files/SB6_SS24_FuturaSkateboard_Black_Comp_720x.jpg?v=1707753583','/products/gnz0a-51g-5rzzdz'),(468,246,'Olive - 8.375\" x 32\"','//us.supreme.com/cdn/shop/files/SB6_SS24_FuturaSkateboard_Olive_Comp_720x.jpg?v=1707753570','/products/hks0bqabqjk-kyv3'),(469,247,'White - 8.25\" x 32\"','//us.supreme.com/cdn/shop/files/SB5_SS24_Teardrop_White_Comp_720x.jpg?v=1712591923','/products/a7kvbkbgp57kkcs'),(470,248,'Grey - 8.25\" x 32\"','//us.supreme.com/cdn/shop/files/SB4_SS24_BestFriendsSB_Comp_720x.jpg?v=1712336571','/products/hr3ix0rk-xl-fkbq'),(471,249,'White','//us.supreme.com/cdn/shop/files/h8iZc0Wh6Do_720x.jpg?v=1715778913','/products/cch9cq6aho5lbwj'),(472,249,'Black','//us.supreme.com/cdn/shop/files/EDccMjVM8Q4_720x.jpg?v=1712064383','/products/ua8ch2adc2tptymp'),(473,249,'Heather Grey','//us.supreme.com/cdn/shop/files/A37_SS24_HanesCrewSocks_HeatherGrey04_720x.jpg?v=1707847714','/products/n6t5r7vmi48pgkd6'),(474,250,'White','//us.supreme.com/cdn/shop/products/tun_EOrcwM_720x.jpg?v=1671833396','/products/mtrb6nzgodshd5t'),(475,250,'Black','//us.supreme.com/cdn/shop/products/g_T-SZHg26A_720x.jpg?v=1671833396','/products/1q62q-xoor8lreo'),(476,251,'Heather Grey','//us.supreme.com/cdn/shop/files/A13_SS24_HeatherGreyBoxerBrief_HeatherGrey03_720x.jpg?v=1707847695','/products/fyb5opwbtzvwzcyr'),(477,252,'White','//us.supreme.com/cdn/shop/files/A41_SS23_A41SS21_HanesTaglessAShirt_Group_720x.jpg?v=1684768052','/products/sg5mxxkbybapa4q'),(478,252,'Black','//us.supreme.com/cdn/shop/files/A41_SS23_HanesTaglessTanks_Black03_720x.jpg?v=1684768078','/products/uzz-wj9j0r2bpw-x'),(479,253,'Heather Grey','//us.supreme.com/cdn/shop/files/A40_SS24_HanesTaglessTanks_HeatherGrey03_720x.jpg?v=1707847728','/products/5xdtctsrejvyegx'),(480,254,'White','//us.supreme.com/cdn/shop/products/06flCXqRP5I_720x.jpg?v=1671833399','/products/v5kqetdj47zjdztv'),(481,254,'Black','//us.supreme.com/cdn/shop/products/yhpS4rc9b1c_720x.jpg?v=1671833399','/products/5i68btgcrrnlh7n6'),(482,255,'Black','//us.supreme.com/cdn/shop/files/A27_SS24_WaistbandBelt_Black01_720x.jpg?v=1710517363','/products/osdjry2vbpflelqr'),(483,255,'Red','//us.supreme.com/cdn/shop/files/A27_SS24_WaistbandBelt_Red01_720x.jpg?v=1710517319','/products/6yswtvh-x-ihnuy5'),(484,255,'Woodland Camo','//us.supreme.com/cdn/shop/files/A27_SS24_WaistbandBelt_WoodlandCamo01_720x.jpg?v=1710517350','/products/xbfx90rpi-xz2rh'),(485,256,'Natural','//us.supreme.com/cdn/shop/files/A85_KuumbaIncense_White01_720x.jpg?v=1715360343','/products/laejb7ft-t90cy4d'),(486,257,'Red','//us.supreme.com/cdn/shop/files/A82_SS24_Red02B_720x.jpg?v=1715360259','/products/fx1tbcbztwgfmmoq'),(487,258,'Yellow','//us.supreme.com/cdn/shop/files/A80_SS24_PostIt_CanaryYellow02A_6c19b3c5-dbcb-4d78-919c-8f1377d160eb_720x.jpg?v=1716232256','/products/xqrqdxbpt9s6pizj'),(488,259,'Black','//us.supreme.com/cdn/shop/files/A73_SS24_RipstopKeychain_Black01_720x.jpg?v=1716491805','/products/f2cd_vgsxly7djhc'),(489,259,'Orange','//us.supreme.com/cdn/shop/files/A73_SS24_RipstopKeychain_Orange01_720x.jpg?v=1716491845','/products/7sbuc0ve6nywuvsi'),(490,259,'Navy','//us.supreme.com/cdn/shop/files/A73_SS24_RipstopKeychain_Navy01_720x.jpg?v=1716491856','/products/w-t1nbi_nzlozs9b'),(491,259,'Woodland Camo','//us.supreme.com/cdn/shop/files/A73_SS24_RipstopKeychain_Camo01_720x.jpg?v=1716491834','/products/2avv952-oh2d8xrl'),(492,260,'Black','//us.supreme.com/cdn/shop/files/G4_SS24_FuseSunglasses_Black01_720x.jpg?v=1714751337','/products/xuaofiqpshunytnz'),(493,260,'Blue','//us.supreme.com/cdn/shop/files/G4_SS24_FuseSunglasses_Blue01_720x.jpg?v=1714751358','/products/n5id3tyaimqb4ees'),(494,260,'Grey','//us.supreme.com/cdn/shop/files/G4_SS24_FuseSunglasses_Grey01_720x.jpg?v=1714751378','/products/yq8maknhsz6yfy3'),(495,261,'Black','//us.supreme.com/cdn/shop/files/G3_SS24_CleoSunglasses_Black01_720x.jpg?v=1714751255','/products/c5eu-mg1vjyj7gai'),(496,261,'Tortoise','//us.supreme.com/cdn/shop/files/G3_SS24_CleoSunglasses_Tortoise01_720x.jpg?v=1714751241','/products/v9zh4ml6hjb9uye0'),(497,262,'White','//us.supreme.com/cdn/shop/files/G1_SS24_DutchSunglasses_White01_720x.jpg?v=1714751195','/products/slzpewprnbcyqlh6'),(498,262,'Black','//us.supreme.com/cdn/shop/files/G1_SS24_DutchSunglasses_Black01_720x.jpg?v=1714751208','/products/yxaj5mxnxyladt2'),(499,262,'Olive','//us.supreme.com/cdn/shop/files/G1_SS24_DutchSunglasses_Olive01_720x.jpg?v=1714751219','/products/rsc3ddoe2pkas8ph'),(500,263,'Black','//us.supreme.com/cdn/shop/files/B44_SS24_WovenUtilityBag_Black01_7dd6b535-1998-480b-8869-0a6529aac82b_720x.jpg?v=1716232190','/products/sq8y8p5quvskznoc'),(501,263,'Grey','//us.supreme.com/cdn/shop/files/B44_SS24_WovenUtilityBag_Grey01_7f055eda-ff9f-4ee8-aa79-c64765c260cd_720x.jpg?v=1716232168','/products/z-ucc141byrusqhb'),(502,264,'Black','//us.supreme.com/cdn/shop/files/B43_SS24_WovenSideBag_Black04_2cb3118a-5cce-47b1-931c-6bb0ec422055_720x.jpg?v=1716232060','/products/8zolo-6ji_ui8dov'),(503,264,'Grey','//us.supreme.com/cdn/shop/files/B43_SS24_WovenSideBag_Grey04_ca210369-d781-46a8-b6fd-950d3687067e_720x.jpg?v=1716232047','/products/bnruavclnyutlepw'),(504,264,'Royal','//us.supreme.com/cdn/shop/files/B43_SS24_WovenSideBag_Royal04_798c4f1e-5542-4758-a96b-f9a1186ed760_720x.jpg?v=1716232034','/products/k-c4gkzqtxd1kexc'),(505,265,'Black','//us.supreme.com/cdn/shop/files/B42_SS24_WovenTote_Black01_e17ddbee-31d2-4063-9111-9b825ab42ee7_720x.jpg?v=1716231577','/products/ursgivsp1ck8eifo'),(506,265,'Grey','//us.supreme.com/cdn/shop/files/B42_SS24_WovenTote_Grey01_a01b2cc3-c495-4744-9acc-b3268f8238a7_720x.jpg?v=1716231550','/products/nujkhsgww_h5uuxh'),(507,265,'Royal','//us.supreme.com/cdn/shop/files/B42_SS24_WovenTote_Royal01_8663c7e8-0c1e-466c-a902-5a2d3e699067_720x.jpg?v=1716231464','/products/atpzdcfm-am-wlnq'),(508,266,'Olive','//us.supreme.com/cdn/shop/files/H79_SS24_BleachedChinoBoonie_Olive01_720x.jpg?v=1715956010','/products/v6nbxmhkf0f4qvha'),(509,266,'Navy','//us.supreme.com/cdn/shop/files/H79_SS24_BleachedChinoBoonie_Navy01_720x.jpg?v=1715955983','/products/ogsjlb-ykumfeiob'),(510,266,'Black','//us.supreme.com/cdn/shop/files/H79_SS24_BleachedChinoBoonie_Black01_720x.jpg?v=1715955970','/products/kpty0fy5tmds_9'),(511,267,'Black','//us.supreme.com/cdn/shop/files/H96_SS24_MeshBalaclava_Black02_720x.jpg?v=1716911357','/products/xf-nxwnjspzjc77q'),(512,267,'Woodland Camo','//us.supreme.com/cdn/shop/files/H96_SS24_MeshBalaclava_Camo02_720x.jpg?v=1716911342','/products/d-i3exw0weavupt'),(513,267,'Red','//us.supreme.com/cdn/shop/files/H96_SS24_MeshBalaclava_Red02_720x.jpg?v=1716910701','/products/ycwr2kaxnvywvmyw'),(514,268,'Black','//us.supreme.com/cdn/shop/files/H103_SS24_WashedChinoTwillCC_Black01_720x.jpg?v=1716485466','/products/c78myzjufen-vuuu'),(515,268,'Light Yellow','//us.supreme.com/cdn/shop/files/H103_SS24_WashedChinoTwillCC_LightYellow01_720x.jpg?v=1716485386','/products/jl_g5-7unskx0ta'),(516,268,'Desert Camo','//us.supreme.com/cdn/shop/files/H103_SS24_WashedChinoTwillCC_DesertCamo01_720x.jpg?v=1716485349','/products/kesxcxxs7nfqc0sy'),(517,268,'Light Olive','//us.supreme.com/cdn/shop/files/H103_SS24_WashedChinoTwillCC_LightOlive01_720x.jpg?v=1716485450','/products/cxdy8vsla5is2jup'),(518,269,'Black','//us.supreme.com/cdn/shop/files/SH9_SS24_OverdyedSmallBoxSweatshort_WashedBlack01_720x.jpg?v=1715955633','/products/umzofgarnbjgohe'),(519,269,'Red','//us.supreme.com/cdn/shop/files/SH9_SS24_OverdyedSmallBoxSweatshort_Red01_720x.jpg?v=1715955584','/products/0zj5lqdjeh_tunrr'),(520,269,'Lime','//us.supreme.com/cdn/shop/files/SH9_SS24_OverdyedSmallBoxSweatshort_Lime01_720x.jpg?v=1715955568','/products/5oc-ti1gqway7tb'),(521,269,'Sand','//us.supreme.com/cdn/shop/files/SH9_SS24_OverdyedSmallBoxSweatshort_Sand01_720x.jpg?v=1715955598','/products/ehflpnhfaylnmb3t'),(522,269,'Dark Slate','//us.supreme.com/cdn/shop/files/SH9_SS24_OverdyedSmallBoxSweatshort_DarkSlate01_720x.jpg?v=1715955621','/products/avcxuhxqdprgrpj7'),(523,270,'Black','//us.supreme.com/cdn/shop/files/SH11_SS24_CargoWaterShort_Black01_720x.jpg?v=1716485086','/products/rgscev34gjb6o8td'),(524,270,'Teal','//us.supreme.com/cdn/shop/files/SH11_SS24_CargoWaterShort_Teal01_720x.jpg?v=1716485058','/products/pincqg5o9u_egcau'),(525,270,'Orange','//us.supreme.com/cdn/shop/files/SH11_SS24_CargoWaterShort_Orange01_720x.jpg?v=1716485070','/products/tdfln8kwdgtfgjne'),(526,270,'Purple','//us.supreme.com/cdn/shop/files/SH11_SS24_CargoWaterShort_Purple01_720x.jpg?v=1716485011','/products/h4fbzxfdxhnpstif'),(527,270,'Croc','//us.supreme.com/cdn/shop/files/SH11_SS24_CargoWaterShort_CrocWaterPrint01_720x.jpg?v=1716485044','/products/9g7a5cb_u_p-s4u8'),(528,270,'Stone','//us.supreme.com/cdn/shop/files/SH11_SS24_CargoWaterShort_Stone01_720x.jpg?v=1716484998','/products/ds-yiw_69xz-dizy'),(529,271,'Olive','//us.supreme.com/cdn/shop/files/P19_SS24_WorkPant_Olive01_720x.jpg?v=1709911790','/products/yyqhjtpqnchww_xq'),(530,271,'Bright Red','//us.supreme.com/cdn/shop/files/P19_SS24_WorkPant_BrightRed01_720x.jpg?v=1709911751','/products/ehfxqz7ipc6o74nk'),(531,271,'Tan','//us.supreme.com/cdn/shop/files/P19_SS24_WorkPant_Tan01_720x.jpg?v=1709911735','/products/l9ep6yemp8nt8pbl'),(532,271,'Brown','//us.supreme.com/cdn/shop/files/P19_SS24_WorkPant_Brown01_720x.jpg?v=1709911764','/products/pd-jjjwqr_fjgd59'),(533,272,'Black','//us.supreme.com/cdn/shop/files/T50_SS24_TunnelTee_Black01_720x.jpg?v=1712340042','/products/91fiai6yzaa32w7w'),(534,272,'White','//us.supreme.com/cdn/shop/files/T50_SS24_TunnelTee_White01_720x.jpg?v=1712340083','/products/fwp1tvgt-kyjcnxa'),(535,272,'Cement','//us.supreme.com/cdn/shop/files/T50_SS24_TunnelTee_Cement01_720x.jpg?v=1712340029','/products/seclh87wis7-zdoo'),(536,272,'Navy','//us.supreme.com/cdn/shop/files/T50_SS24_TunnelTee_Navy01_720x.jpg?v=1712340069','/products/rw-xxxd0w2ia6hgf'),(537,273,'Heather Grey','//us.supreme.com/cdn/shop/files/T13_SS24_TeardropTee_HeatherGrey_720x.jpg?v=1712339101','/products/e0-qqjpje2o1oscm'),(538,273,'Brown','//us.supreme.com/cdn/shop/files/T13_SS24_TeardropTee_Brown_720x.jpg?v=1712339093','/products/sagq-gpekimb8j9c'),(539,273,'Light Pink','//us.supreme.com/cdn/shop/files/T13_SS24_TeardropTee_LightPink_720x.jpg?v=1712339084','/products/8uiuh9qncjojchkr'),(540,273,'Navy','//us.supreme.com/cdn/shop/files/T13_SS24_TeardropTee_Navy_720x.jpg?v=1712339064','/products/5zp-jp6ytynocpw'),(541,273,'White','//us.supreme.com/cdn/shop/files/T13_SS24_TeardropTee_White_720x.jpg?v=1712339051','/products/irbpkbrteddvmfqe'),(542,274,'White','//us.supreme.com/cdn/shop/files/KN18_SS24_SmallBoxTee_White_720x.jpg?v=1712338117','/products/_q5azyassj03a4il'),(543,274,'Black','//us.supreme.com/cdn/shop/files/KN18_SS24_SmallBoxTee_Black_720x.jpg?v=1712338142','/products/kzafud7e8fsooir0'),(544,274,'Snake','//us.supreme.com/cdn/shop/files/KN18_SS24_SmallBoxTee_SnakePrint_720x.jpg?v=1712338195','/products/pf0-y5z9pl-dc2ww'),(545,275,'Purple','//us.supreme.com/cdn/shop/files/KN59_SS24_SportsStencilTop_Purple_720x.jpg?v=1711724883','/products/ole-cjgvv7dck_8v'),(546,276,'Black','//us.supreme.com/cdn/shop/files/KN68_SS24_OverprintStripeTop_Black_720x.jpg?v=1715955181','/products/ax05gzqfdobjtkrc'),(547,276,'Navy','//us.supreme.com/cdn/shop/files/KN68_SS24_OverprintStripeTop_Navy_720x.jpg?v=1715955203','/products/zuoh1gd-qijteqfr'),(548,276,'Lavender','//us.supreme.com/cdn/shop/files/KN68_SS24_OverprintStripeTop_Lavender_720x.jpg?v=1715955192','/products/jn8ni93-nswmi-0'),(549,276,'Red','//us.supreme.com/cdn/shop/files/KN68_SS24_OverprintStripeTop_Red_720x.jpg?v=1715955213','/products/kpcu-7psi-xkjwl'),(550,277,'Red','//us.supreme.com/cdn/shop/files/KN58_SS24_PlaidKnitPolo_Red_720x.jpg?v=1715955053','/products/11jecxgln8syagbx'),(551,277,'Black','//us.supreme.com/cdn/shop/files/KN58_SS24_PlaidKnitPolo_Black_720x.jpg?v=1715955022','/products/u-u1-at-umogl5iv'),(552,278,'Black','//us.supreme.com/cdn/shop/files/SW12_SS24_OverdyedSmallBoxZipUp_WashedBlack_720x.jpg?v=1715954434','/products/8g3_r7h049naegmz'),(553,278,'Dark Slate','//us.supreme.com/cdn/shop/files/SW12_SS24_OverdyedSmallBoxZipUp_DarkSlate_720x.jpg?v=1715954488','/products/topfole-rcms4zbr'),(554,278,'Red','//us.supreme.com/cdn/shop/files/SW12_SS24_OverdyedSmallBoxZipUp_Red_720x.jpg?v=1715954422','/products/lcgsss0gwjf15vsh'),(555,278,'Lime','//us.supreme.com/cdn/shop/files/SW12_SS24_OverdyedSmallBoxZipUp_Lime_720x.jpg?v=1715954466','/products/hmfwntyipncntnkj'),(556,278,'Sand','//us.supreme.com/cdn/shop/files/SW12_SS24_OverdyedSmallBoxZipUp_Sand_720x.jpg?v=1715954478','/products/27glyxecushtzsqk'),(557,279,'Black','//us.supreme.com/cdn/shop/files/SW14_SS24_WarmUpLogoHoodedSweatshirt_Black01_720x.jpg?v=1711723543','/products/wkfnc2nywo-1iud8'),(558,279,'Bright Orange','//us.supreme.com/cdn/shop/files/SW14_SS24_WarmUpLogoHoodedSweatshirt_BrightOrange01_720x.jpg?v=1711723582','/products/qupdzmqmq7dxfdia'),(559,279,'Dusty Green','//us.supreme.com/cdn/shop/files/SW14_SS24_WarmUpLogoHoodedSweatshirt_DustyGreen01_720x.jpg?v=1711723502','/products/inhmotleab8tab-z'),(560,279,'Navy','//us.supreme.com/cdn/shop/files/SW14_SS24_WarmUpLogoHoodedSweatshirt_NewNavy01_720x.jpg?v=1711723396','/products/j-ndfh-nffy2ixun'),(561,279,'Heather Grey','//us.supreme.com/cdn/shop/files/SW14_SS24_WarmUpLogoHoodedSweatshirt_HeatherGrey01_720x.jpg?v=1711723428','/products/ds19bs4-32ijvfu5'),(562,280,'Tan','//us.supreme.com/cdn/shop/files/S11_SS24_HoodedPrintedFlannelShirt_TanPlaid01_720x.jpg?v=1711722738','/products/w3yidtcr-ob-r3l5'),(563,280,'Black','//us.supreme.com/cdn/shop/files/S11_SS24_HoodedPrintedFlannelShirt_Black01_720x.jpg?v=1711722753','/products/ywzyyipdvj-7qwz0');
/*!40000 ALTER TABLE `supreme_variants` ENABLE KEYS */;
UNLOCK TABLES;
/*!40103 SET TIME_ZONE=@OLD_TIME_ZONE */;

/*!40101 SET SQL_MODE=@OLD_SQL_MODE */;
/*!40014 SET FOREIGN_KEY_CHECKS=@OLD_FOREIGN_KEY_CHECKS */;
/*!40014 SET UNIQUE_CHECKS=@OLD_UNIQUE_CHECKS */;
/*!40101 SET CHARACTER_SET_CLIENT=@OLD_CHARACTER_SET_CLIENT */;
/*!40101 SET CHARACTER_SET_RESULTS=@OLD_CHARACTER_SET_RESULTS */;
/*!40101 SET COLLATION_CONNECTION=@OLD_COLLATION_CONNECTION */;
/*!40111 SET SQL_NOTES=@OLD_SQL_NOTES */;

-- Dump completed on 2024-06-06  1:21:08
